timestamp,open,high,low,close,volume,symbol,name
2020-05-22,43.77,46.9,43.725,45.36,19111420,BAS.DE,BASF
2020-05-15,46.495,46.5,41.14,42.775,23033864,BAS.DE,BASF
2020-05-08,45.31,46.395,44.7,46.24,24112697,BAS.DE,BASF
2020-04-30,44.91,50.0,44.355,46.685,23308256,BAS.DE,BASF
2020-04-24,45.78,45.95,43.0,43.695,21498416,BAS.DE,BASF
2020-04-17,47.8,47.895,43.36,45.575,20528022,BAS.DE,BASF
2020-04-09,42.26,47.34,42.245,46.895,21812231,BAS.DE,BASF
2020-04-03,41.51,43.72,40.415,40.755,28307474,BAS.DE,BASF
2020-03-27,39.0,45.02,38.5,41.085,42950130,BAS.DE,BASF
2020-03-20,39.4,43.285,37.355,40.795,45361968,BAS.DE,BASF
2020-03-13,47.875,49.345,40.47,41.25,63842234,BAS.DE,BASF
2020-03-06,54.0,55.5,51.49,52.67,36445582,BAS.DE,BASF
2020-02-28,59.56,59.74,52.36,53.08,37730223,BAS.DE,BASF
2020-02-21,61.94,62.28,60.25,60.74,15159145,BAS.DE,BASF
2020-02-14,62.39,64.42,62.22,62.51,12866075,BAS.DE,BASF
2020-02-07,61.22,64.31,60.56,62.44,15107979,BAS.DE,BASF
2020-01-31,62.52,63.42,60.84,61.07,15655697,BAS.DE,BASF
2020-01-24,64.5,65.15,62.96,63.69,11385968,BAS.DE,BASF
2020-01-17,66.0,66.08,64.07,64.52,13390761,BAS.DE,BASF
2020-01-10,66.25,66.8,65.05,65.83,13505196,BAS.DE,BASF
2020-01-03,67.24,68.49,66.96,67.27,4605447,BAS.DE,BASF
2019-12-30,67.6,67.81,67.19,67.35,936462,BAS.DE,BASF
2019-12-27,67.78,67.99,67.45,67.9,1640149,BAS.DE,BASF
2019-12-23,67.97,68.15,67.44,67.54,1990353,BAS.DE,BASF
2019-12-20,68.76,69.08,66.5,67.94,18517906,BAS.DE,BASF
2019-12-13,68.28,69.8,66.08,68.38,12352163,BAS.DE,BASF
2019-12-06,68.25,69.44,67.1,68.29,12774605,BAS.DE,BASF
2019-11-29,70.35,70.48,68.14,68.22,9875407,BAS.DE,BASF
2019-11-22,70.5,70.89,68.45,69.68,12144184,BAS.DE,BASF
2019-11-15,70.31,71.25,69.47,70.49,11878775,BAS.DE,BASF
2019-11-08,69.44,72.17,69.3,70.98,13688949,BAS.DE,BASF
2019-11-01,70.9,71.16,67.15,69.0,14555889,BAS.DE,BASF
2019-10-25,66.6,70.64,66.5,70.62,17435854,BAS.DE,BASF
2019-10-18,64.79,67.21,63.87,66.31,14843724,BAS.DE,BASF
2019-10-11,61.29,64.9,60.9,64.86,11940207,BAS.DE,BASF
2019-10-04,63.7,64.62,60.78,61.61,11276491,BAS.DE,BASF
2019-09-27,63.63,64.04,60.95,63.54,12569588,BAS.DE,BASF
2019-09-20,65.3,67.24,63.18,63.89,17939124,BAS.DE,BASF
2019-09-13,61.6,65.96,61.53,65.75,15741385,BAS.DE,BASF
2019-09-06,60.1,61.54,59.01,61.46,9389763,BAS.DE,BASF
2019-08-30,57.85,60.54,57.59,60.18,11355987,BAS.DE,BASF
2019-08-23,57.8,60.1,57.33,58.07,12338737,BAS.DE,BASF
2019-08-16,58.52,59.4,55.64,56.85,15978527,BAS.DE,BASF
2019-08-09,57.0,58.67,56.16,58.13,18871701,BAS.DE,BASF
2019-08-02,61.7,62.29,57.59,58.21,16434135,BAS.DE,BASF
2019-07-26,60.91,64.19,60.79,61.94,16935016,BAS.DE,BASF
2019-07-19,60.4,61.99,60.13,60.8,11906002,BAS.DE,BASF
2019-07-12,62.01,63.1,58.55,60.22,19484509,BAS.DE,BASF
2019-07-05,65.0,65.36,61.98,62.56,11754762,BAS.DE,BASF
2019-06-28,62.52,64.15,61.38,63.92,13539347,BAS.DE,BASF
2019-06-21,60.56,63.32,59.51,62.69,20141696,BAS.DE,BASF
2019-06-14,62.24,63.32,60.07,60.48,12671864,BAS.DE,BASF
2019-06-07,58.83,61.97,58.5,61.28,15552460,BAS.DE,BASF
2019-05-31,61.25,61.57,58.41,59.06,15158863,BAS.DE,BASF
2019-05-24,63.61,63.64,60.14,60.73,15356007,BAS.DE,BASF
2019-05-17,65.38,65.39,62.27,63.56,19727570,BAS.DE,BASF
2019-05-10,67.99,69.02,64.86,65.23,20560562,BAS.DE,BASF
2019-05-03,73.4,73.48,71.74,72.87,13353611,BAS.DE,BASF
2019-04-26,74.5,74.6,72.2,72.82,10919088,BAS.DE,BASF
2019-04-18,72.24,74.61,72.01,74.16,12952991,BAS.DE,BASF
2019-04-12,69.56,72.32,68.51,71.79,14044990,BAS.DE,BASF
2019-04-05,66.6,69.74,66.21,69.46,14531599,BAS.DE,BASF
2019-03-29,65.19,66.14,64.58,65.53,12941992,BAS.DE,BASF
2019-03-22,67.48,68.48,65.31,65.51,12938245,BAS.DE,BASF
2019-03-15,66.75,67.69,66.07,67.51,16098174,BAS.DE,BASF
2019-03-08,68.71,68.84,65.79,66.4,11276765,BAS.DE,BASF
2019-03-01,65.54,68.65,64.73,68.06,17475601,BAS.DE,BASF
2019-02-22,66.66,66.97,65.07,65.25,10864077,BAS.DE,BASF
2019-02-15,63.0,66.45,62.73,66.32,13485566,BAS.DE,BASF
2019-02-08,64.54,66.45,62.28,62.56,13634077,BAS.DE,BASF
2019-02-01,64.82,66.62,63.21,64.49,14480330,BAS.DE,BASF
2019-01-25,65.77,65.84,62.64,65.09,13733753,BAS.DE,BASF
2019-01-18,62.78,66.12,62.12,65.6,13713998,BAS.DE,BASF
2019-01-11,63.9,64.26,62.5,63.03,13452162,BAS.DE,BASF
2019-01-04,60.5,63.3,59.48,63.19,8975624,BAS.DE,BASF
2018-12-28,60.6,61.05,59.01,60.4,5346183,BAS.DE,BASF
2018-12-21,60.4,60.95,58.65,60.72,23372623,BAS.DE,BASF
2018-12-14,57.4,60.71,57.35,60.1,25255218,BAS.DE,BASF
2018-12-07,66.7,67.18,60.69,60.69,21167018,BAS.DE,BASF
2018-11-30,66.34,66.83,63.67,64.37,17638874,BAS.DE,BASF
2018-11-23,69.73,70.33,65.15,65.7,15200922,BAS.DE,BASF
2018-11-16,69.46,70.47,67.63,69.37,15411091,BAS.DE,BASF
2018-11-09,69.98,70.26,68.11,68.85,12127187,BAS.DE,BASF
2018-11-02,66.0,70.91,64.96,69.51,22138737,BAS.DE,BASF
2018-10-26,68.56,68.73,64.33,66.45,19019426,BAS.DE,BASF
2018-10-19,68.99,69.97,67.21,67.65,14941403,BAS.DE,BASF
2018-10-12,74.39,74.48,68.81,69.02,18634608,BAS.DE,BASF
2018-10-05,76.64,77.31,74.53,74.69,9534663,BAS.DE,BASF
2018-09-28,81.15,81.77,75.56,76.55,16742259,BAS.DE,BASF
2018-09-21,77.5,81.63,77.4,81.63,15946228,BAS.DE,BASF
2018-09-14,77.0,78.48,75.52,77.88,11262218,BAS.DE,BASF
2018-09-07,79.41,79.97,76.22,76.94,10713339,BAS.DE,BASF
2018-08-31,80.37,81.18,79.57,79.69,9068765,BAS.DE,BASF
2018-08-24,78.5,79.97,78.46,79.8,9963488,BAS.DE,BASF
2018-08-17,78.61,79.89,76.25,77.57,12554820,BAS.DE,BASF
2018-08-10,80.45,81.6,78.5,78.73,11200071,BAS.DE,BASF
2018-08-03,82.03,82.99,79.92,80.03,12907871,BAS.DE,BASF
2018-07-27,82.35,84.91,81.5,82.34,13518121,BAS.DE,BASF
2018-07-20,81.99,84.46,81.19,82.79,10403997,BAS.DE,BASF
2018-07-13,82.8,83.19,80.76,81.9,8248991,BAS.DE,BASF
2018-07-06,80.8,82.62,80.5,82.31,9452353,BAS.DE,BASF
2018-06-29,82.84,83.38,79.79,81.91,14841471,BAS.DE,BASF
2018-06-22,87.49,87.71,82.89,83.55,12186111,BAS.DE,BASF
2018-06-15,86.5,88.9,85.71,87.5,18735858,BAS.DE,BASF
2018-06-08,85.66,86.49,83.9,85.88,11512564,BAS.DE,BASF
2018-06-01,87.98,88.26,83.99,84.93,15327037,BAS.DE,BASF
2018-05-25,89.1123,90.02,86.59,87.64,12594206,BAS.DE,BASF
2018-05-18,86.86,89.31,86.23,88.97,12129055,BAS.DE,BASF
2018-05-11,84.62,87.79,84.38,86.87,12949678,BAS.DE,BASF
2018-05-04,86.12,87.8,85.42,86.88,13533100,BAS.DE,BASF
2018-04-27,86.65,87.5,83.61,86.07,13064300,BAS.DE,BASF
2018-04-20,84.39,86.88,83.95,86.69,11004064,BAS.DE,BASF
2018-04-13,84.55,84.91,82.53,84.12,10104185,BAS.DE,BASF
2018-04-06,81.82,84.6,80.36,83.99,11458933,BAS.DE,BASF
2018-03-29,81.48,82.88,80.16,82.47,12410372,BAS.DE,BASF
2018-03-23,84.31,85.14,80.56,81.07,13821274,BAS.DE,BASF
2018-03-16,85.79,85.89,83.03,84.74,17274472,BAS.DE,BASF
2018-03-09,82.18,85.5,82.0,84.99,13525198,BAS.DE,BASF
2018-03-02,88.7,89.27,82.5,82.82,15645950,BAS.DE,BASF
2018-02-23,87.29,88.62,85.97,88.07,10526265,BAS.DE,BASF
2018-02-16,86.2,87.74,83.76,86.74,13642367,BAS.DE,BASF
2018-02-09,89.76,90.65,84.08,84.83,20729055,BAS.DE,BASF
2018-02-02,95.09,95.42,90.19,90.39,13806722,BAS.DE,BASF
2018-01-26,97.77,98.43,94.87,95.29,11482246,BAS.DE,BASF
2018-01-19,94.74,98.8,93.2,97.67,15502278,BAS.DE,BASF
2018-01-12,94.64,95.41,92.9,94.87,10761393,BAS.DE,BASF
2018-01-05,91.56,94.85,90.57,94.85,9004828,BAS.DE,BASF
2017-12-29,93.52,94.2,91.65,91.74,3425936,BAS.DE,BASF
2017-12-22,94.25,95.66,92.44,93.51,8348445,BAS.DE,BASF
2017-12-15,93.94,94.67,93.02,93.67,12999348,BAS.DE,BASF
2017-12-08,94.36,94.75,92.52,94.08,9032909,BAS.DE,BASF
2017-12-01,94.76,95.39,91.87,92.64,11137475,BAS.DE,BASF
2017-11-24,91.5,95.98,91.4,95.1,10590691,BAS.DE,BASF
2017-11-17,94.58,94.9,91.3,92.01,9513347,BAS.DE,BASF
2017-11-10,96.92,97.9,94.3,94.43,9892070,BAS.DE,BASF
2017-11-03,93.87,97.1,93.12,97.01,9198521,BAS.DE,BASF
2017-10-27,90.64,94.38,89.42,93.83,13857960,BAS.DE,BASF
2017-10-20,89.0,90.87,88.85,90.45,8250715,BAS.DE,BASF
2017-10-13,90.0,90.39,88.11,88.9,7409588,BAS.DE,BASF
2017-10-06,90.2,90.96,89.19,89.97,8097104,BAS.DE,BASF
2017-09-29,88.1,90.04,87.65,90.04,8551393,BAS.DE,BASF
2017-09-22,86.91,88.99,86.58,88.34,7394783,BAS.DE,BASF
2017-09-15,84.9,86.95,84.65,86.2,14815195,BAS.DE,BASF
2017-09-08,81.62,84.55,81.58,84.4,9646925,BAS.DE,BASF
2017-09-01,82.0,83.03,80.01,82.44,9854021,BAS.DE,BASF
2017-08-25,80.99,83.04,80.21,82.3,8251174,BAS.DE,BASF
2017-08-18,80.6,82.02,80.47,81.4,8256360,BAS.DE,BASF
2017-08-11,82.23,82.47,79.24,79.87,9943321,BAS.DE,BASF
2017-08-04,80.03,82.4,79.91,82.11,12278853,BAS.DE,BASF
2017-07-28,80.98,81.48,78.97,79.64,13094321,BAS.DE,BASF
2017-07-21,83.77,84.18,80.11,80.88,12808184,BAS.DE,BASF
2017-07-14,81.58,83.72,81.15,83.72,9522572,BAS.DE,BASF
2017-07-07,82.06,83.0,80.64,81.12,9121940,BAS.DE,BASF
2017-06-30,85.11,85.8,81.03,81.09,12682688,BAS.DE,BASF
2017-06-23,85.72,87.98,84.16,84.98,8824669,BAS.DE,BASF
2017-06-16,86.54,87.4,84.44,85.03,17374393,BAS.DE,BASF
2017-06-09,84.7271,86.59,83.58,86.59,9127922,BAS.DE,BASF
2017-06-02,83.75,85.54,83.42,85.31,10103654,BAS.DE,BASF
2017-05-26,86.09,86.27,83.17,83.86,8948643,BAS.DE,BASF
2017-05-19,87.54,88.48,84.54,85.74,15077920,BAS.DE,BASF
2017-05-12,90.53,91.05,88.96,89.56,13329868,BAS.DE,BASF
2017-05-05,89.85,90.68,88.8,90.14,10129913,BAS.DE,BASF
2017-04-28,90.85,93.05,88.66,89.46,14157943,BAS.DE,BASF
2017-04-21,91.0,91.28,88.02,88.77,9608144,BAS.DE,BASF
2017-04-13,93.64,93.77,90.52,90.77,7452055,BAS.DE,BASF
2017-04-07,93.25,94.32,92.41,93.27,8234211,BAS.DE,BASF
2017-03-31,89.53,93.26,89.31,92.92,9987196,BAS.DE,BASF
2017-03-24,88.86,90.42,87.44,90.26,9470933,BAS.DE,BASF
2017-03-17,89.14,90.95,88.61,89.31,13152543,BAS.DE,BASF
2017-03-10,90.01,90.97,89.22,89.3,9504836,BAS.DE,BASF
2017-03-03,87.65,91.59,87.17,90.27,11741986,BAS.DE,BASF
2017-02-24,89.46,90.77,86.41,87.36,11802967,BAS.DE,BASF
2017-02-17,89.11,90.75,88.58,89.1,8699229,BAS.DE,BASF
2017-02-10,88.71,89.54,86.16,88.55,10505690,BAS.DE,BASF
2017-02-03,90.82,91.16,88.0,89.07,10331942,BAS.DE,BASF
2017-01-27,89.11,91.55,88.57,91.18,10035613,BAS.DE,BASF
2017-01-20,88.56,90.39,87.28,89.92,10396982,BAS.DE,BASF
2017-01-13,87.78,89.47,86.91,89.06,7972127,BAS.DE,BASF
2017-01-06,87.5,88.88,87.1,87.52,9280495,BAS.DE,BASF
2016-12-30,87.4,88.31,87.34,88.31,4206142,BAS.DE,BASF
2016-12-23,87.56,87.94,86.92,87.45,8011580,BAS.DE,BASF
2016-12-16,85.5,87.72,85.33,87.72,19555529,BAS.DE,BASF
2016-12-09,81.94,86.0,81.91,85.38,14276786,BAS.DE,BASF
2016-12-02,80.37,81.78,77.84,81.01,13316705,BAS.DE,BASF
2016-11-25,80.93,81.17,79.72,80.5,7839506,BAS.DE,BASF
2016-11-18,81.16,82.14,79.97,80.4,11080226,BAS.DE,BASF
2016-11-11,78.11,81.74,76.5,80.88,14320099,BAS.DE,BASF
2016-11-04,80.04,80.88,76.57,77.05,11282728,BAS.DE,BASF
2016-10-28,79.98,80.89,78.7,80.52,9217214,BAS.DE,BASF
2016-10-21,78.99,79.99,78.26,79.81,11319665,BAS.DE,BASF
2016-10-14,78.0,79.99,77.22,79.26,12655294,BAS.DE,BASF
2016-10-07,75.55,78.74,75.47,78.15,11618651,BAS.DE,BASF
2016-09-30,73.11,76.34,71.82,76.11,14567690,BAS.DE,BASF
2016-09-23,70.88,73.94,70.57,73.31,11225571,BAS.DE,BASF
2016-09-16,71.08,72.0,70.09,70.3,14617263,BAS.DE,BASF
2016-09-09,73.38,74.48,72.28,72.58,9202152,BAS.DE,BASF
2016-09-02,72.02,73.59,71.34,73.1,8263906,BAS.DE,BASF
2016-08-26,72.02,73.24,71.06,72.64,9027902,BAS.DE,BASF
2016-08-19,73.01,73.58,71.75,72.14,8316026,BAS.DE,BASF
2016-08-12,70.08,73.48,69.84,72.97,9830532,BAS.DE,BASF
2016-08-05,70.5,71.2,68.42,69.59,9593511,BAS.DE,BASF
2016-07-29,71.6,72.55,69.38,70.26,13360633,BAS.DE,BASF
2016-07-22,71.89,72.41,70.47,71.51,7943974,BAS.DE,BASF
2016-07-15,68.19,72.41,67.95,71.77,14241128,BAS.DE,BASF
2016-07-08,69.52,69.79,65.47,67.01,11871362,BAS.DE,BASF
2016-07-01,66.43,69.73,64.62,69.46,17567880,BAS.DE,BASF
2016-06-24,69.17,72.59,63.0,67.07,21250735,BAS.DE,BASF
2016-06-17,66.47,68.75,65.76,67.51,17714045,BAS.DE,BASF
2016-06-10,68.51,70.96,67.31,67.77,11440916,BAS.DE,BASF
2016-06-03,69.99,70.36,67.6,68.35,10072323,BAS.DE,BASF
2016-05-27,67.43,70.62,66.45,69.92,11241089,BAS.DE,BASF
2016-05-20,68.85,69.1,65.85,67.29,10606171,BAS.DE,BASF
2016-05-13,68.8,69.92,65.84,67.73,15049903,BAS.DE,BASF
2016-05-06,69.63,70.9,67.17,68.4,15125428,BAS.DE,BASF
2016-04-29,71.45,74.54,69.87,72.15,19678806,BAS.DE,BASF
2016-04-22,67.0,71.44,66.56,70.93,15621146,BAS.DE,BASF
2016-04-15,63.09,68.6,62.55,68.26,15437101,BAS.DE,BASF
2016-04-08,64.89,65.7,61.58,63.09,14539763,BAS.DE,BASF
2016-04-01,66.67,67.61,64.34,65.12,10504817,BAS.DE,BASF
2016-03-24,65.99,68.35,65.76,66.04,11549098,BAS.DE,BASF
2016-03-18,65.22,66.48,64.27,66.48,21043691,BAS.DE,BASF
2016-03-11,62.3,66.31,61.63,64.41,19157922,BAS.DE,BASF
2016-03-04,60.25,63.48,58.44,63.28,17601663,BAS.DE,BASF
2016-02-26,60.6,61.6,57.78,60.96,16591887,BAS.DE,BASF
2016-02-19,58.97,60.97,57.97,60.04,16245374,BAS.DE,BASF
2016-02-12,59.8,60.11,56.01,57.85,21760797,BAS.DE,BASF
2016-02-05,61.65,61.65,58.19,59.4,18837436,BAS.DE,BASF
2016-01-29,63.4,63.4,59.01,61.1,21490792,BAS.DE,BASF
2016-01-22,61.51,63.7,59.0,62.94,22463072,BAS.DE,BASF
2016-01-15,63.5,65.95,61.33,61.81,22784366,BAS.DE,BASF
2016-01-08,69.31,69.31,63.45,63.68,21218211,BAS.DE,BASF
2015-12-30,71.0,71.99,69.99,70.72,4215643,BAS.DE,BASF
2015-12-25,70.11,71.46,67.81,71.0,9204614,BAS.DE,BASF
2015-12-18,69.25,72.48,67.74,70.22,21025142,BAS.DE,BASF
2015-12-11,72.96,73.72,68.2,68.86,17218040,BAS.DE,BASF
2015-12-04,77.45,79.11,71.43,72.36,19617766,BAS.DE,BASF
2015-11-27,77.67,79.2,76.04,77.88,11194401,BAS.DE,BASF
2015-11-20,73.1,78.38,73.05,77.67,12115853,BAS.DE,BASF
2015-11-13,77.34,77.89,73.23,74.02,12476974,BAS.DE,BASF
2015-11-06,73.85,77.73,73.71,77.13,13699646,BAS.DE,BASF
2015-10-30,76.3,77.59,72.01,74.53,17847671,BAS.DE,BASF
2015-10-23,70.75,77.23,70.34,76.64,15286366,BAS.DE,BASF
2015-10-16,73.5,73.9,69.95,71.02,15939394,BAS.DE,BASF
2015-10-09,68.12,73.45,67.61,73.04,19244766,BAS.DE,BASF
2015-10-02,67.53,69.17,65.13,66.71,20667629,BAS.DE,BASF
2015-09-25,67.19,68.8,65.09,67.64,18478080,BAS.DE,BASF
2015-09-18,69.5,71.09,66.78,67.32,20015374,BAS.DE,BASF
2015-09-11,70.15,72.4,69.43,69.7,11452210,BAS.DE,BASF
2015-09-04,71.36,71.9,69.0,69.59,15448311,BAS.DE,BASF
2015-08-28,66.5,72.46,63.0,71.88,32064662,BAS.DE,BASF
2015-08-21,76.67,77.23,69.26,69.26,19897798,BAS.DE,BASF
2015-08-14,81.48,82.51,75.55,76.29,15086712,BAS.DE,BASF
2015-08-07,78.41,81.79,77.91,81.27,10991973,BAS.DE,BASF
2015-07-31,78.88,78.95,76.35,78.55,15999938,BAS.DE,BASF
2015-07-24,85.12,85.87,78.49,79.1,14487725,BAS.DE,BASF
2015-07-17,83.5,85.65,82.4,84.43,13677359,BAS.DE,BASF
2015-07-10,78.0,81.99,75.28,81.69,17169782,BAS.DE,BASF
2015-07-03,79.2,81.59,78.23,79.67,18489747,BAS.DE,BASF
2015-06-26,83.2,85.97,82.43,83.15,16987729,BAS.DE,BASF
2015-06-19,81.0,82.95,79.39,80.92,18051057,BAS.DE,BASF
2015-06-12,81.5,84.79,79.49,82.2,16574714,BAS.DE,BASF
2015-06-05,84.9,85.25,81.22,82.16,15393961,BAS.DE,BASF
2015-05-29,88.38,88.82,84.13,84.2,12414726,BAS.DE,BASF
2015-05-22,86.4,88.86,85.41,87.9,10521659,BAS.DE,BASF
2015-05-15,88.4,88.83,83.87,85.98,14638383,BAS.DE,BASF
2015-05-08,87.87,89.94,84.04,88.35,21812785,BAS.DE,BASF
2015-04-30,92.01,94.29,86.07,89.48,18524435,BAS.DE,BASF
2015-04-24,90.03,94.1,89.01,91.39,15764106,BAS.DE,BASF
2015-04-17,96.8,96.86,89.17,89.18,17032228,BAS.DE,BASF
2015-04-10,93.99,97.22,93.73,96.72,9403651,BAS.DE,BASF
2015-04-02,92.45,94.71,91.29,92.64,11272763,BAS.DE,BASF
2015-03-27,92.05,92.9,89.66,92.07,13605215,BAS.DE,BASF
2015-03-20,90.87,93.31,88.43,92.33,21331530,BAS.DE,BASF
2015-03-13,87.82,90.71,86.64,90.53,13298826,BAS.DE,BASF
2015-03-06,85.7,88.5,84.3,88.17,14715487,BAS.DE,BASF
2015-02-27,84.48,87.02,83.09,85.65,18645158,BAS.DE,BASF
2015-02-20,83.25,83.85,81.21,83.49,14637334,BAS.DE,BASF
2015-02-13,80.18,84.13,78.25,83.25,16262235,BAS.DE,BASF
2015-02-06,79.7,82.17,79.52,80.9,17199894,BAS.DE,BASF
2015-01-30,75.55,79.98,74.37,79.5,20183259,BAS.DE,BASF
2015-01-23,73.38,77.26,72.59,76.83,22662667,BAS.DE,BASF
2015-01-16,69.4,73.08,67.69,72.67,22138214,BAS.DE,BASF
2015-01-09,69.43,70.19,66.18,68.12,19814343,BAS.DE,BASF
2015-01-02,70.3,70.69,68.8,69.69,2260387,BAS.DE,BASF
2014-12-30,71.1,71.1,69.74,69.88,2835412,BAS.DE,BASF
2014-12-23,70.0,71.01,69.76,71.01,4522150,BAS.DE,BASF
2014-12-19,69.33,70.97,65.49,69.52,29953528,BAS.DE,BASF
2014-12-12,73.8,74.41,68.9,69.16,16425119,BAS.DE,BASF
2014-12-05,71.8,74.58,71.24,74.3,15444338,BAS.DE,BASF
2014-11-28,73.94,76.53,71.52,73.01,18168371,BAS.DE,BASF
2014-11-21,68.44,74.16,68.38,73.75,18444870,BAS.DE,BASF
2014-11-14,69.9,70.66,68.03,69.13,11994014,BAS.DE,BASF
2014-11-07,70.14,71.82,68.01,69.96,15876703,BAS.DE,BASF
2014-10-31,69.4,70.54,66.09,70.24,18394051,BAS.DE,BASF
2014-10-24,69.35,71.15,67.27,68.78,20963631,BAS.DE,BASF
2014-10-17,66.03,69.33,64.27,69.31,28510053,BAS.DE,BASF
2014-10-10,71.35,71.41,66.38,66.58,20293418,BAS.DE,BASF
2014-10-02,73.15,73.18,69.53,69.58,14470654,BAS.DE,BASF
2014-09-26,76.84,77.43,72.03,73.16,15476185,BAS.DE,BASF
2014-09-19,76.72,78.0,75.63,77.14,15469847,BAS.DE,BASF
2014-09-12,78.55,78.58,76.73,77.0,9735500,BAS.DE,BASF
2014-09-05,78.45,80.0,77.52,78.56,13076809,BAS.DE,BASF
2014-08-29,78.0,79.87,77.16,78.29,10793896,BAS.DE,BASF
2014-08-22,75.91,77.59,75.44,76.77,9949593,BAS.DE,BASF
2014-08-15,75.12,77.25,74.03,74.68,12757059,BAS.DE,BASF
2014-08-08,76.47,76.47,73.19,73.95,14813138,BAS.DE,BASF
2014-08-01,80.46,81.71,75.14,76.04,15942833,BAS.DE,BASF
2014-07-25,83.46,83.67,80.14,80.37,13842855,BAS.DE,BASF
2014-07-18,83.66,84.91,82.52,83.35,11057471,BAS.DE,BASF
2014-07-11,86.97,87.13,82.85,83.35,10064196,BAS.DE,BASF
2014-07-04,84.93,87.54,84.7,87.05,9089231,BAS.DE,BASF
2014-06-27,87.5,87.59,84.32,84.64,10747053,BAS.DE,BASF
2014-06-20,85.17,88.28,85.02,87.36,15792087,BAS.DE,BASF
2014-06-13,86.0,86.35,84.93,85.5,9475252,BAS.DE,BASF
2014-06-06,84.89,85.95,84.1,85.86,10300534,BAS.DE,BASF
2014-05-30,83.65,84.95,83.31,84.47,8064291,BAS.DE,BASF
2014-05-23,82.41,83.26,81.6,83.08,8818262,BAS.DE,BASF
2014-05-16,82.46,84.43,81.88,82.33,12365067,BAS.DE,BASF
2014-05-09,81.3,82.56,79.25,82.43,14184599,BAS.DE,BASF
2014-05-02,81.45,84.56,80.75,84.01,14132885,BAS.DE,BASF
2014-04-25,80.14,82.8,79.77,81.2,11566881,BAS.DE,BASF
2014-04-17,77.02,79.61,76.77,79.36,9625387,BAS.DE,BASF
2014-04-11,79.77,80.17,77.33,77.62,12535479,BAS.DE,BASF
2014-04-04,80.95,81.47,79.75,80.77,10851195,BAS.DE,BASF
2014-03-28,78.0,80.53,76.06,80.41,12077694,BAS.DE,BASF
2014-03-21,77.0,78.56,76.22,78.0,15693480,BAS.DE,BASF
2014-03-14,79.23,80.62,74.65,76.92,16611589,BAS.DE,BASF
2014-03-07,80.35,82.32,79.69,79.69,15702876,BAS.DE,BASF
2014-02-28,82.05,84.63,81.63,83.42,14884837,BAS.DE,BASF
2014-02-21,82.43,83.07,81.07,82.17,10460210,BAS.DE,BASF
2014-02-14,78.86,82.74,78.17,82.51,11895601,BAS.DE,BASF
2014-02-07,79.8,79.92,75.73,78.82,17088183,BAS.DE,BASF
2014-01-31,77.8,80.42,77.19,79.53,17688121,BAS.DE,BASF
2014-01-24,79.27,81.27,77.55,77.81,12931199,BAS.DE,BASF
2014-01-17,77.9,80.6,76.29,79.49,14880017,BAS.DE,BASF
2014-01-10,76.21,78.86,76.06,77.4,13587636,BAS.DE,BASF
2014-01-03,78.4,78.72,76.03,76.57,4667982,BAS.DE,BASF
2013-12-30,77.95,78.03,77.49,77.49,1312900,BAS.DE,BASF
2013-12-27,77.72,77.99,77.41,77.95,1712856,BAS.DE,BASF
2013-12-23,76.66,77.18,76.51,76.9,1863709,BAS.DE,BASF
2013-12-20,73.43,76.24,73.37,76.01,18357981,BAS.DE,BASF
2013-12-13,76.25,76.25,71.54,73.65,11886451,BAS.DE,BASF
2013-12-06,78.8,79.18,74.2,75.64,14730567,BAS.DE,BASF
2013-11-29,76.87,78.91,76.82,78.6,8749180,BAS.DE,BASF
2013-11-22,77.76,78.2,76.06,76.64,9626837,BAS.DE,BASF
2013-11-15,75.72,78.35,75.37,78.0,11780386,BAS.DE,BASF
2013-11-08,76.64,76.97,75.15,75.68,11844897,BAS.DE,BASF
2013-11-01,75.59,77.0,75.2,76.58,10821162,BAS.DE,BASF
2013-10-25,73.21,75.57,72.79,75.17,12424591,BAS.DE,BASF
2013-10-18,71.46,73.6,71.01,73.51,14301146,BAS.DE,BASF
2013-10-11,70.4,71.93,69.13,71.69,10551922,BAS.DE,BASF
2013-10-04,70.51,71.78,69.87,70.76,8760200,BAS.DE,BASF
2013-09-27,72.02,72.74,70.83,71.53,9994852,BAS.DE,BASF
2013-09-20,70.63,73.58,70.51,71.99,20046572,BAS.DE,BASF
2013-09-13,67.02,69.99,66.85,69.79,12061277,BAS.DE,BASF
2013-09-06,67.0,68.11,65.86,66.85,12258465,BAS.DE,BASF
2013-08-30,69.14,69.32,66.03,66.13,12230576,BAS.DE,BASF
2013-08-23,68.35,69.35,66.55,69.03,10930607,BAS.DE,BASF
2013-08-16,64.95,68.57,64.55,68.01,14569759,BAS.DE,BASF
2013-08-09,68.15,68.3,64.09,64.79,15886495,BAS.DE,BASF
2013-08-02,66.09,68.21,66.07,67.88,12163505,BAS.DE,BASF
2013-07-26,70.2,70.56,65.59,65.87,17986452,BAS.DE,BASF
2013-07-19,70.51,71.23,69.44,70.0,12244304,BAS.DE,BASF
2013-07-12,67.49,71.69,67.34,70.46,12277569,BAS.DE,BASF
2013-07-05,68.85,69.79,66.96,66.96,15277073,BAS.DE,BASF
2013-06-28,69.39,70.5,67.37,68.63,20780884,BAS.DE,BASF
2013-06-21,73.09,75.06,69.5,69.5,21579828,BAS.DE,BASF
2013-06-14,72.8,74.36,71.09,72.81,14060357,BAS.DE,BASF
2013-06-07,74.71,76.39,70.31,72.83,17159726,BAS.DE,BASF
2013-05-31,73.4,75.93,73.4,75.23,11243521,BAS.DE,BASF
2013-05-24,74.77,75.86,72.64,73.45,13038244,BAS.DE,BASF
2013-05-17,73.55,74.7,72.61,74.42,13678272,BAS.DE,BASF
2013-05-10,73.12,74.97,72.38,73.81,10282284,BAS.DE,BASF
2013-05-03,70.0,73.86,69.41,73.34,14993607,BAS.DE,BASF
2013-04-26,66.43,72.99,65.26,72.59,23467596,BAS.DE,BASF
2013-04-19,68.67,68.7,65.18,65.63,20909880,BAS.DE,BASF
2013-04-12,67.37,70.01,66.5,68.4,15524661,BAS.DE,BASF
2013-04-05,68.37,70.57,66.5,66.87,13149058,BAS.DE,BASF
2013-03-28,71.76,71.9,67.32,68.32,14779557,BAS.DE,BASF
2013-03-22,73.49,74.4,70.35,70.8,17243574,BAS.DE,BASF
2013-03-15,73.34,75.48,72.8,75.09,15634252,BAS.DE,BASF
2013-03-08,71.25,74.53,70.61,73.28,13097476,BAS.DE,BASF
2013-03-01,74.72,76.2,70.81,71.83,18484441,BAS.DE,BASF
2013-02-22,70.99,74.79,70.51,74.32,14594959,BAS.DE,BASF
2013-02-15,72.19,72.9,70.75,70.75,10715243,BAS.DE,BASF
2013-02-08,75.5,75.72,71.36,72.08,14004934,BAS.DE,BASF
2013-02-01,75.15,76.17,74.53,75.85,10840956,BAS.DE,BASF
2013-01-25,73.31,75.69,72.23,75.6,10745751,BAS.DE,BASF
2013-01-18,71.24,73.52,71.12,73.17,13113490,BAS.DE,BASF
2013-01-11,72.11,72.25,70.34,71.0,9283984,BAS.DE,BASF
2013-01-04,72.62,73.22,71.86,72.47,7036185,BAS.DE,BASF
2012-12-28,71.17,72.13,71.02,71.15,2922251,BAS.DE,BASF
2012-12-21,72.05,73.41,71.04,71.17,17500285,BAS.DE,BASF
2012-12-14,69.61,72.33,69.51,72.04,12855636,BAS.DE,BASF
2012-12-07,69.0,70.93,68.74,70.01,14962187,BAS.DE,BASF
2012-11-30,67.16,69.22,67.05,68.9,11069192,BAS.DE,BASF
2012-11-23,63.2,67.67,62.87,67.54,11540896,BAS.DE,BASF
2012-11-16,63.19,64.33,62.3,62.5,12640266,BAS.DE,BASF
2012-11-09,64.5,65.53,62.17,63.17,12040629,BAS.DE,BASF
2012-11-02,63.4,65.55,63.01,65.09,9667865,BAS.DE,BASF
2012-10-26,65.94,66.0,62.05,63.68,16889478,BAS.DE,BASF
2012-10-19,64.45,66.34,64.38,65.87,13778154,BAS.DE,BASF
2012-10-12,66.37,66.39,63.78,64.38,12699744,BAS.DE,BASF
2012-10-05,65.65,67.61,65.35,66.74,12112687,BAS.DE,BASF
2012-09-28,67.5,68.25,65.65,65.65,14662521,BAS.DE,BASF
2012-09-21,66.37,68.29,65.67,67.9,20063742,BAS.DE,BASF
2012-09-14,63.95,66.98,63.85,66.63,17669497,BAS.DE,BASF
2012-09-07,61.66,64.74,60.34,64.2,16861040,BAS.DE,BASF
2012-08-31,61.96,62.83,60.91,61.81,10949364,BAS.DE,BASF
2012-08-24,62.05,63.28,61.24,62.13,12321015,BAS.DE,BASF
2012-08-17,60.76,62.17,60.19,62.05,11668027,BAS.DE,BASF
2012-08-10,59.91,61.43,59.77,60.93,14106305,BAS.DE,BASF
2012-08-03,59.47,60.5,57.48,59.71,21184181,BAS.DE,BASF
2012-07-27,57.26,59.06,55.23,58.94,18853483,BAS.DE,BASF
2012-07-20,56.12,59.05,55.75,58.01,16775731,BAS.DE,BASF
2012-07-13,55.95,56.22,54.17,55.96,15185819,BAS.DE,BASF
2012-07-06,54.7,57.9,54.42,56.1,16824134,BAS.DE,BASF
2012-06-29,53.82,54.87,51.13,54.7,21198728,BAS.DE,BASF
2012-06-22,56.77,57.43,53.92,54.09,17647699,BAS.DE,BASF
2012-06-15,56.7,56.91,54.72,55.91,24828189,BAS.DE,BASF
2012-06-08,53.28,56.36,52.67,55.47,16787980,BAS.DE,BASF
2012-06-01,57.75,58.59,53.61,54.06,20229111,BAS.DE,BASF
2012-05-25,56.95,58.38,56.22,57.05,16553660,BAS.DE,BASF
2012-05-18,58.0,58.33,56.01,56.94,16583323,BAS.DE,BASF
2012-05-11,58.0,59.15,56.45,58.76,19586450,BAS.DE,BASF
2012-05-04,63.46,63.73,59.14,59.49,16386815,BAS.DE,BASF
2012-04-27,65.62,65.77,62.93,65.25,21815698,BAS.DE,BASF
2012-04-20,61.7,66.6,61.5,66.2,20740744,BAS.DE,BASF
2012-04-13,62.75,64.0,61.16,61.63,15788001,BAS.DE,BASF
2012-04-05,65.59,66.95,62.51,63.48,12927112,BAS.DE,BASF
2012-03-30,66.01,68.24,64.17,65.59,13972716,BAS.DE,BASF
2012-03-23,67.62,68.63,64.58,65.85,15502027,BAS.DE,BASF
2012-03-16,65.1,68.38,64.88,67.98,20895678,BAS.DE,BASF
2012-03-09,65.75,66.32,62.24,65.22,19686856,BAS.DE,BASF
2012-03-02,64.82,67.48,64.38,66.64,18106226,BAS.DE,BASF
2012-02-24,63.5,66.48,63.32,64.7,19844879,BAS.DE,BASF
2012-02-17,60.56,63.11,60.0,62.98,15695188,BAS.DE,BASF
2012-02-10,61.3,61.85,59.66,60.38,14678592,BAS.DE,BASF
2012-02-03,59.93,61.58,58.66,61.32,19880162,BAS.DE,BASF
2012-01-27,58.16,61.1,57.51,60.48,17319939,BAS.DE,BASF
2012-01-20,57.11,59.58,56.8,58.39,19983609,BAS.DE,BASF
2012-01-13,55.81,58.95,55.14,57.62,18647546,BAS.DE,BASF
2012-01-06,53.62,57.38,53.62,55.92,17122312,BAS.DE,BASF
2011-12-30,53.03,53.89,52.38,53.89,6769463,BAS.DE,BASF
2011-12-23,51.1,54.04,50.58,52.83,14171055,BAS.DE,BASF
2011-12-16,53.44,53.62,50.42,51.71,29610273,BAS.DE,BASF
2011-12-09,54.63,55.35,52.4,53.9,23406847,BAS.DE,BASF
2011-12-02,47.9,55.5,47.76,53.98,29634635,BAS.DE,BASF
2011-11-25,49.48,49.51,46.055,47.24,21148138,BAS.DE,BASF
2011-11-18,51.97,52.28,49.47,49.725,19633277,BAS.DE,BASF
2011-11-11,50.42,52.37,48.635,51.6,21499963,BAS.DE,BASF
2011-11-04,54.3,54.56,49.94,51.32,26745393,BAS.DE,BASF
2011-10-28,51.35,55.5,50.05,54.99,27003396,BAS.DE,BASF
2011-10-21,52.0,52.75,48.435,50.79,24328982,BAS.DE,BASF
2011-10-14,49.92,51.88,49.045,51.31,22066478,BAS.DE,BASF
2011-10-07,44.315,50.41,43.03,49.49,23933961,BAS.DE,BASF
2011-09-30,43.225,47.56,43.18,46.085,26723091,BAS.DE,BASF
2011-09-23,46.485,48.185,42.47,44.27,26816158,BAS.DE,BASF
2011-09-16,42.69,48.655,42.19,47.43,39873030,BAS.DE,BASF
2011-09-09,45.66,47.165,43.89,44.2,31343746,BAS.DE,BASF
2011-09-02,48.57,50.37,46.3,47.065,27173949,BAS.DE,BASF
2011-08-26,47.915,51.02,46.1,47.625,31445373,BAS.DE,BASF
2011-08-19,55.15,55.41,47.75,48.6,31876981,BAS.DE,BASF
2011-08-12,52.84,54.65,46.925,54.15,58765549,BAS.DE,BASF
2011-08-05,64.5,64.9,52.62,53.99,42196645,BAS.DE,BASF
2011-07-29,65.98,67.86,61.85,63.22,23425102,BAS.DE,BASF
2011-07-22,67.55,68.44,65.48,66.57,19078758,BAS.DE,BASF
2011-07-15,67.89,68.87,64.73,67.91,21348550,BAS.DE,BASF
2011-07-08,67.85,69.8,67.29,68.37,14641573,BAS.DE,BASF
2011-07-01,63.82,68.3414,63.15,67.84,13215639,BAS.DE,BASF
2011-06-24,62.44,66.0,61.97,64.29,17040704,BAS.DE,BASF
2011-06-17,63.33,64.83,61.75,63.29,20622348,BAS.DE,BASF
2011-06-10,62.42,64.52,61.15,63.15,15670865,BAS.DE,BASF
2011-06-03,61.6,64.7,61.02,62.42,16462373,BAS.DE,BASF
2011-05-27,61.5,62.57,60.32,61.3,18092738,BAS.DE,BASF
2011-05-20,63.7,64.66,62.01,62.66,27443794,BAS.DE,BASF
2011-05-13,66.41,66.99,62.75,64.06,22164036,BAS.DE,BASF
2011-05-06,69.7,70.22,65.22,68.41,64644717,BAS.DE,BASF
2011-04-29,66.0,69.49,65.41,69.4,13745194,BAS.DE,BASF
2011-04-21,64.15,66.5,61.96,65.86,13583952,BAS.DE,BASF
2011-04-15,63.95,64.45,62.39,64.05,18246203,BAS.DE,BASF
2011-04-08,61.95,64.1,61.32,63.83,13678518,BAS.DE,BASF
2011-04-01,59.0,62.08,58.1,61.89,15274982,BAS.DE,BASF
2011-03-25,56.85,59.2,55.41,59.03,17406415,BAS.DE,BASF
2011-03-18,57.8,58.38,53.3,56.25,36584440,BAS.DE,BASF
2011-03-11,60.47,62.0,57.61,58.39,16624870,BAS.DE,BASF
2011-03-04,59.15,61.68,58.96,60.6,14155090,BAS.DE,BASF
2011-02-25,61.31,61.42,58.08,59.18,17130096,BAS.DE,BASF
2011-02-18,58.3,61.54,58.23,61.54,15981837,BAS.DE,BASF
2011-02-11,57.43,58.62,57.01,58.04,12974656,BAS.DE,BASF
2011-02-04,56.3,58.55,55.75,57.35,15454265,BAS.DE,BASF
2011-01-28,56.68,58.22,54.27,56.29,18070592,BAS.DE,BASF
2011-01-21,57.3,57.83,55.15,56.64,18578442,BAS.DE,BASF
2011-01-14,56.99,59.21,56.5,57.57,17441378,BAS.DE,BASF
2011-01-07,60.44,60.95,56.21,57.1,18710876,BAS.DE,BASF
2010-12-30,61.5,61.5,59.58,59.7,4870910,BAS.DE,BASF
2010-12-23,60.76,61.87,60.73,61.42,6804392,BAS.DE,BASF
2010-12-17,60.98,61.88,60.14,60.83,15668522,BAS.DE,BASF
2010-12-10,59.51,61.85,59.5,60.5,14587567,BAS.DE,BASF
2010-12-03,58.4,60.0,56.29,59.19,16040804,BAS.DE,BASF
2010-11-26,57.85,59.29,56.68,58.36,14100479,BAS.DE,BASF
2010-11-19,55.77,57.54,54.43,57.4,15367174,BAS.DE,BASF
2010-11-12,57.0,57.67,55.02,56.12,15535006,BAS.DE,BASF
2010-11-05,52.5,57.7,52.2,57.17,19374125,BAS.DE,BASF
2010-10-29,53.0,53.39,51.25,52.28,15330985,BAS.DE,BASF
2010-10-22,50.69,53.35,50.23,52.77,18370539,BAS.DE,BASF
2010-10-15,48.595,50.97,47.64,50.97,21524738,BAS.DE,BASF
2010-10-08,46.87,48.81,45.88,48.73,21402640,BAS.DE,BASF
2010-10-01,47.0,47.495,45.8,46.87,17399630,BAS.DE,BASF
2010-09-24,45.045,46.985,44.66,46.915,20615033,BAS.DE,BASF
2010-09-17,44.1,45.88,43.965,44.77,20084816,BAS.DE,BASF
2010-09-10,43.37,43.79,42.09,43.695,11561412,BAS.DE,BASF
2010-09-03,42.215,43.795,40.92,43.34,14858199,BAS.DE,BASF
2010-08-27,42.56,43.075,40.74,42.025,16601082,BAS.DE,BASF
2010-08-20,43.85,44.895,42.445,42.55,16985117,BAS.DE,BASF
2010-08-13,45.5,45.85,43.59,43.8,16352560,BAS.DE,BASF
2010-08-06,45.465,46.73,44.505,44.745,18443149,BAS.DE,BASF
2010-07-30,46.92,47.065,43.64,44.81,18801067,BAS.DE,BASF
2010-07-23,44.95,46.995,43.41,46.71,16730541,BAS.DE,BASF
2010-07-16,45.845,46.95,44.9,44.96,17163493,BAS.DE,BASF
2010-07-09,43.67,45.92,43.175,45.745,16839749,BAS.DE,BASF
2010-07-02,46.2,47.545,43.8,43.84,22954207,BAS.DE,BASF
2010-06-25,47.09,47.535,45.7,46.16,17593329,BAS.DE,BASF
2010-06-18,45.255,46.835,45.11,46.215,23402873,BAS.DE,BASF
2010-06-11,42.24,45.415,42.0,44.89,20861492,BAS.DE,BASF
2010-06-04,42.725,44.62,41.75,42.74,18333226,BAS.DE,BASF
2010-05-28,42.14,43.66,39.94,42.85,27801633,BAS.DE,BASF
2010-05-21,43.895,45.87,40.995,42.0,58712539,BAS.DE,BASF
2010-05-14,42.0,46.305,41.77,44.38,34268509,BAS.DE,BASF
2010-05-07,43.99,45.08,40.26,41.0,37424484,BAS.DE,BASF
2010-04-30,48.0,48.835,43.77,43.98,85292659,BAS.DE,BASF
2010-04-23,45.645,47.785,45.22,47.75,21887410,BAS.DE,BASF
2010-04-16,47.07,47.12,45.675,45.95,19582269,BAS.DE,BASF
2010-04-09,47.245,47.275,45.74,46.97,10834736,BAS.DE,BASF
2010-04-01,45.43,47.06,45.27,47.0,13377083,BAS.DE,BASF
2010-03-26,44.0,45.47,43.85,45.25,16389046,BAS.DE,BASF
2010-03-19,44.2,45.09,43.555,44.3,20563683,BAS.DE,BASF
2010-03-12,43.12,44.74,42.955,44.255,18109061,BAS.DE,BASF
2010-03-05,41.95,43.1,41.6,43.1,20679573,BAS.DE,BASF
2010-02-26,42.34,42.77,40.21,41.24,24909457,BAS.DE,BASF
2010-02-19,40.38,42.19,39.925,42.06,16398203,BAS.DE,BASF
2010-02-12,39.625,40.995,39.4,40.2,18831079,BAS.DE,BASF
2010-02-05,40.81,42.7,39.41,39.43,26323152,BAS.DE,BASF
2010-01-29,39.965,41.57,39.115,41.225,26505246,BAS.DE,BASF
2010-01-22,41.75,42.93,40.13,40.465,21701575,BAS.DE,BASF
2010-01-15,44.285,44.435,41.375,41.565,21997047,BAS.DE,BASF
2010-01-08,43.46,44.85,43.35,44.02,14696214,BAS.DE,BASF
2009-12-30,44.07,44.14,43.37,43.46,4857745,BAS.DE,BASF
2009-12-23,43.57,44.06,42.98,43.87,7363134,BAS.DE,BASF
2009-12-18,43.6,43.88,42.29,42.99,25555591,BAS.DE,BASF
2009-12-11,42.0,43.43,41.01,43.04,22310279,BAS.DE,BASF
2009-12-04,41.06,42.5,39.8,41.89,20706468,BAS.DE,BASF
2009-11-27,40.26,41.95,39.11,40.59,19616395,BAS.DE,BASF
2009-11-20,40.01,41.2,39.5,39.87,19537800,BAS.DE,BASF
2009-11-13,38.05,39.98,37.7,39.76,16703514,BAS.DE,BASF
2009-11-06,36.4,38.01,35.76,37.55,22910158,BAS.DE,BASF
2009-10-30,38.75,39.68,35.0,36.5,25386764,BAS.DE,BASF
2009-10-23,39.45,40.98,38.89,39.16,20277762,BAS.DE,BASF
2009-10-16,37.71,40.61,37.61,39.4,29347194,BAS.DE,BASF
2009-10-09,34.32,37.76,33.94,37.49,22693305,BAS.DE,BASF
2009-10-02,35.39,36.59,33.76,34.15,21932476,BAS.DE,BASF
2009-09-25,36.96,37.31,34.95,35.26,16808311,BAS.DE,BASF
2009-09-18,35.55,37.99,35.32,36.98,23687465,BAS.DE,BASF
2009-09-11,35.27,36.77,35.2,36.18,16651867,BAS.DE,BASF
2009-09-04,36.65,37.47,34.28,34.96,23092112,BAS.DE,BASF
2009-08-28,36.7,38.41,35.94,36.96,21046866,BAS.DE,BASF
2009-08-21,34.17,36.3,33.61,36.2,18093297,BAS.DE,BASF
2009-08-14,35.07,36.39,33.73,34.77,18379723,BAS.DE,BASF
2009-08-07,35.0,36.49,34.41,35.25,19532345,BAS.DE,BASF
2009-07-31,34.7,35.45,32.55,35.16,32400627,BAS.DE,BASF
2009-07-24,31.8,34.85,31.72,34.29,23119958,BAS.DE,BASF
2009-07-17,27.66,32.08,27.45,31.71,24568554,BAS.DE,BASF
2009-07-10,27.95,28.39,27.4,27.66,19059391,BAS.DE,BASF
2009-07-03,28.02,29.62,27.33,27.66,17607007,BAS.DE,BASF
2009-06-26,29.03,29.11,27.4,28.02,23064995,BAS.DE,BASF
2009-06-19,31.22,31.38,28.33,29.03,33922256,BAS.DE,BASF
2009-06-12,31.18,32.1,30.43,31.59,16331218,BAS.DE,BASF
2009-06-05,30.53,32.25,30.37,31.34,23236136,BAS.DE,BASF
2009-05-29,30.04,30.77,28.88,29.75,19691413,BAS.DE,BASF
2009-05-22,27.5,30.96,27.27,29.93,21099006,BAS.DE,BASF
2009-05-15,29.45,29.89,27.08,27.9,29071632,BAS.DE,BASF
2009-05-08,27.79,30.05,27.12,29.52,37090326,BAS.DE,BASF
2009-04-30,26.67,29.15,26.1,28.57,42385988,BAS.DE,BASF
2009-04-24,26.72,27.2,25.15,27.13,32233127,BAS.DE,BASF
2009-04-17,26.75,27.99,26.56,27.14,21868341,BAS.DE,BASF
2009-04-09,26.19,27.18,24.51,26.89,19863332,BAS.DE,BASF
2009-04-03,23.3,26.98,22.17,25.96,30332173,BAS.DE,BASF
2009-03-27,24.64,24.93,23.44,23.79,22121635,BAS.DE,BASF
2009-03-20,24.65,24.78,23.11,23.95,27350161,BAS.DE,BASF
2009-03-13,20.84,25.26,20.07,24.26,39861264,BAS.DE,BASF
2009-03-06,21.52,22.36,20.17,20.74,33236208,BAS.DE,BASF
2009-02-27,22.19,23.22,20.53,21.96,40244426,BAS.DE,BASF
2009-02-20,24.25,24.8,21.74,21.74,23549813,BAS.DE,BASF
2009-02-13,25.56,26.33,23.65,24.58,24346713,BAS.DE,BASF
2009-02-06,22.33,26.18,21.55,26.1,30963465,BAS.DE,BASF
2009-01-30,21.8,23.9,21.7,22.72,29827159,BAS.DE,BASF
2009-01-23,24.1,24.24,21.15,21.86,33491513,BAS.DE,BASF
2009-01-16,25.76,25.91,22.61,23.76,28475439,BAS.DE,BASF
2009-01-09,28.05,28.38,25.35,25.72,23701910,BAS.DE,BASF
2009-01-02,27.9,28.1,27.37,27.9,3752004,BAS.DE,BASF
2008-12-30,26.77,27.85,25.93,27.73,10659010,BAS.DE,BASF
2008-12-23,26.42,26.58,25.58,26.0,11065625,BAS.DE,BASF
2008-12-19,25.78,26.99,24.71,26.43,38349866,BAS.DE,BASF
2008-12-12,24.24,26.49,23.69,25.07,34476943,BAS.DE,BASF
2008-12-05,24.86,24.95,22.07,22.61,37027949,BAS.DE,BASF
2008-11-28,22.1,25.5,21.41,25.1,35235050,BAS.DE,BASF
2008-11-21,25.88,26.47,20.54,21.68,62173087,BAS.DE,BASF
2008-11-14,26.91,28.31,24.9,25.88,32686519,BAS.DE,BASF
2008-11-07,27.05,29.44,25.0,26.08,46005854,BAS.DE,BASF
2008-10-31,21.0,26.72,17.85,26.07,97245112,BAS.DE,BASF
2008-10-24,25.25,25.96,20.51,22.38,52544960,BAS.DE,BASF
2008-10-17,27.52,30.75,23.52,24.52,75016429,BAS.DE,BASF
2008-10-10,32.3,32.75,23.43,25.55,82166807,BAS.DE,BASF
2008-10-03,34.78,34.78,31.39,33.26,42715633,BAS.DE,BASF
2008-09-26,35.0,35.48,34.0,34.97,28157913,BAS.DE,BASF
2008-09-19,36.9,36.98,32.63,34.98,75765878,BAS.DE,BASF
2008-09-12,38.92,39.0,36.96,37.81,30790819,BAS.DE,BASF
2008-09-05,39.16,40.19,37.95,38.17,23784632,BAS.DE,BASF
2008-08-29,39.39,39.76,38.54,39.38,19176508,BAS.DE,BASF
2008-08-22,39.6,40.35,38.96,39.5,18966819,BAS.DE,BASF
2008-08-15,40.07,40.8,39.43,39.82,18417198,BAS.DE,BASF
2008-08-08,39.9,40.33,38.81,39.93,25283001,BAS.DE,BASF
2008-08-01,41.99,42.05,39.91,40.16,30662824,BAS.DE,BASF
2008-07-25,40.92,42.6,40.73,41.81,25833651,BAS.DE,BASF
2008-07-18,40.81,41.67,40.07,41.25,28376836,BAS.DE,BASF
2008-07-11,42.75,42.95,40.22,40.56,28579465,BAS.DE,BASF
2008-07-04,43.8,44.29,41.81,42.2,25937389,BAS.DE,BASF
2008-06-27,44.995,45.75,43.79,44.12,25425845,BAS.DE,BASF
2008-06-20,47.62,47.75,44.875,44.905,33611950,BAS.DE,BASF
2008-06-13,47.25,48.125,46.475,47.43,22440652,BAS.DE,BASF
2008-06-06,48.35,48.555,47.07,47.21,25280302,BAS.DE,BASF
2008-05-30,46.575,48.4,46.54,48.185,21013728,BAS.DE,BASF
2008-05-23,46.555,47.895,46.14,46.675,24505652,BAS.DE,BASF
2008-05-16,44.745,46.78,44.54,46.415,20742246,BAS.DE,BASF
2008-05-09,45.345,46.05,44.415,44.545,18502772,BAS.DE,BASF
2008-05-02,45.14,46.06,44.94,45.46,19413086,BAS.DE,BASF
2008-04-25,46.88,47.135,44.875,45.025,35621854,BAS.DE,BASF
2008-04-18,43.845,46.765,43.845,46.725,26977274,BAS.DE,BASF
2008-04-11,44.595,45.48,43.885,44.515,23419456,BAS.DE,BASF
2008-04-04,42.825,44.99,42.025,44.43,30120234,BAS.DE,BASF
2008-03-28,42.875,43.15,41.93,42.445,22521016,BAS.DE,BASF
2008-03-20,40.85,43.405,40.85,41.865,43092598,BAS.DE,BASF
2008-03-14,41.23,43.285,41.005,41.85,32030152,BAS.DE,BASF
2008-03-07,41.4,43.0,40.85,41.64,32131570,BAS.DE,BASF
2008-02-29,42.68,43.435,41.53,41.99,27534034,BAS.DE,BASF
2008-02-22,43.25,44.35,41.975,42.265,32983496,BAS.DE,BASF
2008-02-15,41.55,44.195,41.305,42.77,29706250,BAS.DE,BASF
2008-02-08,44.42,44.585,41.595,41.975,30311270,BAS.DE,BASF
2008-02-01,41.325,44.51,40.775,43.965,40214018,BAS.DE,BASF
2008-01-25,45.225,45.23,39.55,42.13,87121976,BAS.DE,BASF
2008-01-18,49.92,50.51,45.765,45.975,52449686,BAS.DE,BASF
2008-01-11,50.975,52.87,49.22,49.92,29521149,BAS.DE,BASF
2008-01-04,50.295,51.71,50.23,51.085,16960308,BAS.DE,BASF
2007-12-28,50.9,51.0,50.25,50.705,5567068,BAS.DE,BASF
2007-12-21,48.77,50.795,48.11,50.54,38835334,BAS.DE,BASF
2007-12-14,48.5,49.94,47.905,49.115,30901152,BAS.DE,BASF
2007-12-07,47.5,49.145,47.05,48.6,24596550,BAS.DE,BASF
2007-11-30,46.305,47.725,44.775,47.38,27568374,BAS.DE,BASF
2007-11-23,44.875,46.59,43.31,46.305,39272464,BAS.DE,BASF
2007-11-16,46.165,46.755,44.805,45.08,32212916,BAS.DE,BASF
2007-11-09,46.05,47.42,46.0,46.4,25232756,BAS.DE,BASF
2007-11-02,49.2,49.25,45.78,46.445,36666464,BAS.DE,BASF
2007-10-26,47.66,49.225,47.5,48.925,27411306,BAS.DE,BASF
2007-10-19,47.625,48.595,47.4,48.285,22857592,BAS.DE,BASF
2007-10-12,48.17,48.94,47.275,47.805,21796516,BAS.DE,BASF
2007-10-05,48.45,48.825,47.3,47.985,21216040,BAS.DE,BASF
2007-09-28,47.925,48.965,47.855,48.5,27073210,BAS.DE,BASF
2007-09-21,46.495,48.5,46.2,48.02,41496926,BAS.DE,BASF
2007-09-14,46.75,46.965,45.855,46.505,24504650,BAS.DE,BASF
2007-09-07,48.55,48.87,46.505,46.75,26687980,BAS.DE,BASF
2007-08-31,46.41,48.62,45.85,48.565,24227404,BAS.DE,BASF
2007-08-24,45.135,46.935,44.835,46.35,24642878,BAS.DE,BASF
2007-08-17,46.05,46.75,43.5,45.04,52165324,BAS.DE,BASF
2007-08-10,45.875,47.45,44.195,45.75,40448726,BAS.DE,BASF
2007-08-03,45.755,47.675,45.545,45.925,35419906,BAS.DE,BASF
2007-07-27,48.95,49.14,45.125,45.865,44966380,BAS.DE,BASF
2007-07-20,49.47,50.375,48.49,48.765,32486144,BAS.DE,BASF
2007-07-13,49.65,50.02,47.5,49.465,30713716,BAS.DE,BASF
2007-07-06,48.25,49.32,47.93,49.32,23447908,BAS.DE,BASF
2007-06-29,46.825,48.685,45.81,48.62,31276604,BAS.DE,BASF
2007-06-22,46.41,48.925,46.07,47.33,36907954,BAS.DE,BASF
2007-06-15,43.365,46.05,43.25,46.02,55616660,BAS.DE,BASF
2007-06-08,46.1,46.55,42.715,43.31,40450126,BAS.DE,BASF
2007-06-01,45.75,46.6,44.505,46.225,24132924,BAS.DE,BASF
2007-05-25,45.04,45.96,44.75,45.445,26721650,BAS.DE,BASF
2007-05-18,43.95,45.14,43.505,45.04,26709470,BAS.DE,BASF
2007-05-11,44.25,44.44,43.03,43.84,23330030,BAS.DE,BASF
2007-05-04,43.85,44.3,42.95,44.11,25304154,BAS.DE,BASF
2007-04-27,44.805,46.35,42.705,43.87,42722700,BAS.DE,BASF
2007-04-20,44.65,45.595,43.725,44.805,37186958,BAS.DE,BASF
2007-04-13,43.5,44.635,42.89,44.61,25932362,BAS.DE,BASF
2007-04-05,42.1,43.48,41.82,43.385,23200216,BAS.DE,BASF
2007-03-30,39.26,42.445,39.26,42.14,43394216,BAS.DE,BASF
2007-03-23,38.5,40.02,38.21,39.5,31203308,BAS.DE,BASF
2007-03-16,39.35,39.825,37.65,38.16,51706548,BAS.DE,BASF
2007-03-09,37.64,39.42,37.21,39.355,40489956,BAS.DE,BASF
2007-03-02,39.725,40.29,37.845,38.41,56454764,BAS.DE,BASF
2007-02-23,38.105,40.27,37.61,39.585,36909236,BAS.DE,BASF
2007-02-16,38.25,38.545,37.95,38.11,22669862,BAS.DE,BASF
2007-02-09,37.635,38.805,37.475,38.5,32275452,BAS.DE,BASF
2007-02-02,36.225,38.085,36.005,37.82,43224292,BAS.DE,BASF
2007-01-26,36.69,36.88,35.655,35.975,38311132,BAS.DE,BASF
2007-01-19,36.93,37.44,36.19,36.73,31007638,BAS.DE,BASF
2007-01-12,36.635,37.365,35.64,36.78,38242284,BAS.DE,BASF
2007-01-05,37.2,37.43,36.5,36.575,21583402,BAS.DE,BASF
2006-12-29,36.64,37.25,36.55,36.925,8183474,BAS.DE,BASF
2006-12-22,36.4,37.105,35.94,36.47,27110220,BAS.DE,BASF
2006-12-15,35.68,36.495,35.335,36.285,38606188,BAS.DE,BASF
2006-12-08,34.605,35.6,34.5,35.505,33799644,BAS.DE,BASF
2006-12-01,35.35,35.35,34.375,34.5,40717110,BAS.DE,BASF
2006-11-24,35.01,35.97,34.905,35.355,32403264,BAS.DE,BASF
2006-11-17,34.85,35.445,34.68,35.24,34929420,BAS.DE,BASF
2006-11-10,33.7039,35.015,33.7003,35.0,32364231,BAS.DE,BASF
2006-11-03,34.1,34.625,33.555,33.65,38899530,BAS.DE,BASF
2006-10-27,33.625,34.6,33.44,34.46,32789742,BAS.DE,BASF
2006-10-20,32.85,33.585,32.46,33.425,26909532,BAS.DE,BASF
2006-10-13,32.3,32.99,32.15,32.84,22306688,BAS.DE,BASF
2006-10-06,31.8,32.535,31.54,32.34,26517156,BAS.DE,BASF
2006-09-29,31.17,31.795,31.02,31.575,27908424,BAS.DE,BASF
2006-09-22,31.35,31.595,30.64,31.17,32061622,BAS.DE,BASF
2006-09-15,31.5,31.81,31.07,31.235,40816748,BAS.DE,BASF
2006-09-08,32.475,32.575,31.25,31.67,22893876,BAS.DE,BASF
2006-09-01,31.65,32.65,31.6,32.325,23255074,BAS.DE,BASF
2006-08-25,31.7,32.075,31.165,31.835,22486192,BAS.DE,BASF
2006-08-18,30.9,31.9,30.705,31.735,24192072,BAS.DE,BASF
2006-08-11,30.85,31.295,30.53,30.795,26419942,BAS.DE,BASF
2006-08-04,31.185,31.73,30.675,31.275,28993416,BAS.DE,BASF
2006-07-28,30.85,31.925,30.65,31.33,23332632,BAS.DE,BASF
2006-07-21,30.58,31.2,30.055,30.635,29472874,BAS.DE,BASF
2006-07-14,31.155,31.71,30.345,30.345,20472026,BAS.DE,BASF
2006-07-07,31.44,31.94,30.84,31.275,22075300,BAS.DE,BASF
2006-06-30,30.64,31.475,29.87,31.39,25373416,BAS.DE,BASF
2006-06-23,29.885,30.735,29.35,30.455,26691412,BAS.DE,BASF
2006-06-16,30.455,30.58,29.05,29.885,27156420,BAS.DE,BASF
2006-06-09,31.575,31.855,30.31,30.555,34033804,BAS.DE,BASF
2006-06-02,32.44,32.625,30.91,31.575,33138766,BAS.DE,BASF
2006-05-26,31.75,32.61,30.84,32.495,37214106,BAS.DE,BASF
2006-05-19,33.0,33.075,31.355,31.895,40195892,BAS.DE,BASF
2006-05-12,34.405,34.555,33.095,33.125,27932420,BAS.DE,BASF
2006-05-05,33.57,34.745,33.56,34.37,29674522,BAS.DE,BASF
2006-04-28,34.5,34.8,33.64,33.98,31424220,BAS.DE,BASF
2006-04-21,32.1,34.95,31.78,34.745,39888704,BAS.DE,BASF
2006-04-13,31.78,32.215,31.5,32.075,21507054,BAS.DE,BASF
2006-04-07,32.285,32.615,31.725,31.815,24802412,BAS.DE,BASF
2006-03-31,33.0,33.05,31.89,32.35,23051156,BAS.DE,BASF
2006-03-24,31.64,33.02,31.35,32.975,32490074,BAS.DE,BASF
2006-03-17,31.25,32.09,31.025,31.39,36058692,BAS.DE,BASF
2006-03-10,31.425,31.575,30.53,31.41,30075160,BAS.DE,BASF
2006-03-03,31.9,32.305,31.09,31.15,30333146,BAS.DE,BASF
2006-02-24,31.39,31.86,31.19,31.78,30069456,BAS.DE,BASF
2006-02-17,31.8,32.22,31.285,31.45,33994978,BAS.DE,BASF
2006-02-10,32.49,32.595,31.775,31.86,23254972,BAS.DE,BASF
2006-02-03,32.0,32.915,31.665,32.275,29359196,BAS.DE,BASF
2006-01-27,30.75,32.275,30.6,32.095,36931538,BAS.DE,BASF
2006-01-20,31.315,31.95,30.75,30.965,29042190,BAS.DE,BASF
2006-01-13,31.7,31.925,31.05,31.315,29035482,BAS.DE,BASF
2006-01-06,32.35,32.57,31.31,31.645,32478334,BAS.DE,BASF
2005-12-30,32.5404,32.7614,32.045,32.355,7405985,BAS.DE,BASF
2005-12-23,32.055,32.49,31.835,32.465,14580042,BAS.DE,BASF
2005-12-16,31.725,32.22,31.15,32.22,26119378,BAS.DE,BASF
2005-12-09,31.75,31.97,31.115,31.55,18873740,BAS.DE,BASF
2005-12-02,31.64,32.095,31.1,31.935,23406000,BAS.DE,BASF
2005-11-25,30.89,31.45,30.815,31.4,18515040,BAS.DE,BASF
2005-11-18,30.42,30.975,30.255,30.66,23219428,BAS.DE,BASF
2005-11-11,29.4,30.49,29.4,30.465,24511898,BAS.DE,BASF
2005-11-04,29.65,30.165,29.075,29.51,36804754,BAS.DE,BASF
2005-10-28,29.36,30.27,29.01,29.395,36464046,BAS.DE,BASF
2005-10-21,30.7,30.79,29.36,29.39,34362852,BAS.DE,BASF
2005-10-14,31.51,32.035,30.48,30.72,28560526,BAS.DE,BASF
2005-10-07,31.405,32.3,31.005,31.44,34946994,BAS.DE,BASF
2005-09-30,29.875,31.25,29.845,31.25,32282456,BAS.DE,BASF
2005-09-23,29.55,30.325,29.175,29.545,28975630,BAS.DE,BASF
2005-09-16,30.2,30.445,29.56,30.2,38716078,BAS.DE,BASF
2005-09-09,29.05,30.27,29.01,30.05,24218614,BAS.DE,BASF
2005-09-02,27.805,29.085,26.995,28.995,28326726,BAS.DE,BASF
2005-08-26,28.79,29.27,28.075,28.08,20310250,BAS.DE,BASF
2005-08-19,29.15,29.355,28.385,28.935,24799270,BAS.DE,BASF
2005-08-12,28.795,29.71,28.795,29.125,18243106,BAS.DE,BASF
2005-08-05,29.3,30.545,28.795,28.835,28126298,BAS.DE,BASF
2005-07-29,28.725,29.55,28.48,29.3,25722654,BAS.DE,BASF
2005-07-22,28.105,29.09,28.01,28.825,32539748,BAS.DE,BASF
2005-07-15,27.335,28.16,27.335,28.025,22069355,BAS.DE,BASF
2005-07-08,27.825,27.885,26.35,27.25,28738324,BAS.DE,BASF
2005-07-01,27.39,27.905,27.16,27.85,27439226,BAS.DE,BASF
2005-06-24,28.34,28.345,27.405,27.445,23007646,BAS.DE,BASF
2005-06-17,28.15,28.545,27.84,28.41,34687550,BAS.DE,BASF
2005-06-10,27.85,28.19,27.51,28.11,22225714,BAS.DE,BASF
2005-06-03,26.875,27.92,26.78,27.575,22352808,BAS.DE,BASF
2005-05-27,26.57,27.045,26.35,26.84,20593426,BAS.DE,BASF
2005-05-20,25.46,26.465,25.27,26.32,32525902,BAS.DE,BASF
2005-05-13,26.325,26.385,25.49,25.665,24633134,BAS.DE,BASF
2005-05-06,25.25,26.365,25.15,26.25,28484662,BAS.DE,BASF
2005-04-29,25.94,26.485,24.8,25.055,43756770,BAS.DE,BASF
2005-04-22,25.44,26.325,25.21,26.015,47540112,BAS.DE,BASF
2005-04-15,27.95,28.04,26.025,26.09,39567888,BAS.DE,BASF
2005-04-08,27.41,28.3,27.25,28.055,20760684,BAS.DE,BASF
2005-04-01,27.1702,27.905,26.835,27.67,21867906,BAS.DE,BASF
2005-03-25,27.245,27.725,26.9308,27.1702,21545795,BAS.DE,BASF
2005-03-18,27.825,28.41,27.14,27.35,39533404,BAS.DE,BASF
2005-03-11,28.885,29.25,27.91,28.05,38232704,BAS.DE,BASF
2005-03-04,28.29,28.82,27.9,28.75,24611304,BAS.DE,BASF
2005-02-25,28.36,28.51,27.64,28.18,26859834,BAS.DE,BASF
2005-02-18,27.87,28.55,27.725,28.385,24725400,BAS.DE,BASF
2005-02-11,26.8,27.88,26.8,27.8,27680082,BAS.DE,BASF
2005-02-04,26.095,26.85,26.035,26.85,22566904,BAS.DE,BASF
2005-01-28,25.875,26.21,25.595,25.915,30516864,BAS.DE,BASF
2005-01-21,26.03,26.49,25.875,26.015,25463724,BAS.DE,BASF
2005-01-14,26.38,26.485,25.56,26.03,26294318,BAS.DE,BASF
2005-01-07,26.42,26.995,26.115,26.445,23308170,BAS.DE,BASF
2004-12-31,26.005,26.525,26.005,26.42,8116504,BAS.DE,BASF
2004-12-24,25.55,26.2214,25.505,26.005,14834376,BAS.DE,BASF
2004-12-17,25.895,26.1,25.44,25.485,38010290,BAS.DE,BASF
2004-12-10,25.825,26.34,25.235,25.74,30374252,BAS.DE,BASF
2004-12-03,25.505,26.155,25.205,25.905,30394240,BAS.DE,BASF
2004-11-26,25.405,25.65,25.14,25.575,17705060,BAS.DE,BASF
2004-11-19,25.115,25.635,24.77,25.44,23762256,BAS.DE,BASF
2004-11-12,25.08,25.59,24.815,25.005,31460514,BAS.DE,BASF
2004-11-05,24.5,25.395,24.435,25.05,28264220,BAS.DE,BASF
2004-10-29,23.975,24.735,23.75,24.45,29152332,BAS.DE,BASF
2004-10-22,23.685,24.66,23.565,24.58,30233234,BAS.DE,BASF
2004-10-15,24.1,24.22,23.11,23.64,33090966,BAS.DE,BASF
2004-10-08,24.73,24.88,23.985,24.075,30122838,BAS.DE,BASF
2004-10-01,22.84,24.8973,22.65,24.73,29809783,BAS.DE,BASF
2004-09-24,23.285,23.49,22.755,22.91,24475418,BAS.DE,BASF
2004-09-17,22.9902,23.485,22.8139,23.36,24981626,BAS.DE,BASF
2004-09-10,22.785,22.9,22.54,22.68,18123826,BAS.DE,BASF
2004-09-03,22.53,22.945,22.2,22.775,23730970,BAS.DE,BASF
2004-08-27,21.975,22.6,21.85,22.52,20782206,BAS.DE,BASF
2004-08-20,21.185,21.875,21.025,21.775,23176618,BAS.DE,BASF
2004-08-13,21.99,22.075,21.11,21.325,25733508,BAS.DE,BASF
2004-08-06,21.95,22.685,21.805,21.99,39486132,BAS.DE,BASF
2004-07-30,21.56,22.345,21.265,22.14,22097610,BAS.DE,BASF
2004-07-23,21.9,22.035,21.405,21.56,22341118,BAS.DE,BASF
2004-07-16,21.86,22.13,21.795,22.005,25295072,BAS.DE,BASF
2004-07-09,21.935,22.19,21.66,22.01,21981488,BAS.DE,BASF
2004-07-02,21.81,22.39,21.685,21.92,28011112,BAS.DE,BASF
2004-06-25,21.5,21.925,21.09,21.78,26457164,BAS.DE,BASF
2004-06-18,21.23,21.44,20.845,21.345,26679048,BAS.DE,BASF
2004-06-11,21.625,21.685,21.125,21.245,18182362,BAS.DE,BASF
2004-06-04,21.0,21.42,20.825,21.34,18666058,BAS.DE,BASF
2004-05-28,20.71,21.36,20.465,20.93,29042216,BAS.DE,BASF
2004-05-21,20.405,21.01,20.135,20.69,27629294,BAS.DE,BASF
2004-05-14,20.28,20.94,20.105,20.695,32764896,BAS.DE,BASF
2004-05-07,21.29,21.495,20.425,20.68,31993964,BAS.DE,BASF
2004-04-30,22.31,22.73,20.955,21.52,44368888,BAS.DE,BASF
2004-04-23,21.9,22.45,21.69,22.275,26143188,BAS.DE,BASF
2004-04-16,21.8954,22.195,21.465,22.005,25749342,BAS.DE,BASF
2004-04-09,21.66,22.025,21.42,21.8954,21800304,BAS.DE,BASF
2004-04-02,20.605,21.66,20.485,21.66,27496682,BAS.DE,BASF
2004-03-26,20.3,20.86,20.055,20.575,36766486,BAS.DE,BASF
2004-03-19,20.825,21.54,20.205,20.505,54036076,BAS.DE,BASF
2004-03-12,21.785,21.985,20.21,21.01,32354994,BAS.DE,BASF
2004-03-05,21.77,22.205,21.36,21.7,33781160,BAS.DE,BASF
2004-02-27,20.91,21.77,20.73,21.4,37113844,BAS.DE,BASF
2004-02-20,21.045,21.63,20.815,20.96,34634424,BAS.DE,BASF
2004-02-13,21.55,21.94,20.865,20.98,30943168,BAS.DE,BASF
2004-02-06,22.25,22.45,21.15,21.5,33363844,BAS.DE,BASF
2004-01-30,22.45,22.75,22.05,22.195,29987442,BAS.DE,BASF
2004-01-23,22.61,23.08,22.26,22.41,25085728,BAS.DE,BASF
2004-01-16,22.245,22.935,22.175,22.61,31365962,BAS.DE,BASF
2004-01-09,22.35,22.95,22.14,22.35,26843374,BAS.DE,BASF
2004-01-02,21.755,22.615,21.675,22.37,9396320,BAS.DE,BASF
2003-12-26,21.45,21.8652,21.36,21.755,8084266,BAS.DE,BASF
2003-12-19,21.205,21.805,20.815,21.58,36072476,BAS.DE,BASF
2003-12-12,21.1,21.8,20.8,21.0,33928812,BAS.DE,BASF
2003-12-05,20.875,21.705,20.825,21.37,43029434,BAS.DE,BASF
2003-11-28,20.6,21.105,20.35,20.63,33798212,BAS.DE,BASF
2003-11-21,20.77,20.965,20.065,20.63,30337566,BAS.DE,BASF
2003-11-14,21.325,21.39,20.65,21.15,33691692,BAS.DE,BASF
2003-11-07,19.775,21.44,19.75,21.315,45058332,BAS.DE,BASF
2003-10-31,19.7,20.3,19.61,19.73,27929388,BAS.DE,BASF
2003-10-24,19.76,20.225,19.17,19.465,23039662,BAS.DE,BASF
2003-10-17,19.705,20.315,19.495,19.755,24906158,BAS.DE,BASF
2003-10-10,19.755,19.8,18.965,19.45,32066596,BAS.DE,BASF
2003-10-03,19.3,19.995,18.505,19.89,34526702,BAS.DE,BASF
2003-09-26,20.53,20.555,18.76,19.28,42378234,BAS.DE,BASF
2003-09-19,20.6,20.95,20.235,20.735,38643902,BAS.DE,BASF
2003-09-12,21.15,21.35,20.36,20.615,24265956,BAS.DE,BASF
2003-09-05,21.205,21.72,20.98,21.075,25593100,BAS.DE,BASF
2003-08-29,21.34,21.67,20.97,20.97,20977724,BAS.DE,BASF
2003-08-22,21.02,21.68,20.92,21.4,22880844,BAS.DE,BASF
2003-08-15,19.965,21.06,19.755,20.895,25408142,BAS.DE,BASF
2003-08-08,21.0,21.34,19.53,19.965,35880386,BAS.DE,BASF
2003-08-01,20.375,21.305,20.205,21.14,31534922,BAS.DE,BASF
2003-07-25,20.4,20.54,19.65,20.195,28853820,BAS.DE,BASF
2003-07-18,19.845,20.475,19.715,20.36,33640734,BAS.DE,BASF
2003-07-11,18.9,19.995,18.685,19.79,34253206,BAS.DE,BASF
2003-07-04,18.9,18.925,18.1,18.83,32723148,BAS.DE,BASF
2003-06-27,19.6,19.635,18.63,19.005,22796654,BAS.DE,BASF
2003-06-20,19.08,19.995,18.95,19.6,39157286,BAS.DE,BASF
2003-06-13,18.24,19.575,18.175,19.14,30157140,BAS.DE,BASF
2003-06-06,18.55,18.75,17.9,18.425,31421034,BAS.DE,BASF
2003-05-30,17.25,18.475,16.725,18.425,29608024,BAS.DE,BASF
2003-05-23,18.645,18.82,17.135,17.375,32775552,BAS.DE,BASF
2003-05-16,18.84,19.39,18.03,18.925,33885310,BAS.DE,BASF
2003-05-09,20.44,20.58,18.07,18.76,37378858,BAS.DE,BASF
2003-05-02,19.1,20.265,19.05,20.265,25075913,BAS.DE,BASF
2003-04-25,19.7135,20.61,19.075,19.08,27825576,BAS.DE,BASF
2003-04-18,19.495,19.8816,18.765,19.7135,30113806,BAS.DE,BASF
2003-04-11,19.5,20.12,18.55,19.345,43458052,BAS.DE,BASF
2003-04-04,17.45,19.16,16.525,19.16,37895302,BAS.DE,BASF
2003-03-28,18.725,19.095,16.885,17.685,41065640,BAS.DE,BASF
2003-03-21,15.665,19.1,15.06,19.005,80245294,BAS.DE,BASF
2003-03-14,16.16,16.435,14.125,15.825,52379088,BAS.DE,BASF
2003-03-07,17.08,17.4,15.975,16.13,25444224,BAS.DE,BASF
2003-02-28,16.875,17.165,16.165,16.91,32281826,BAS.DE,BASF
2003-02-21,17.415,17.595,16.33,17.0,24183736,BAS.DE,BASF
2003-02-14,16.58,17.325,16.165,17.2,27649306,BAS.DE,BASF
2003-02-07,17.35,17.595,16.375,16.5,28717570,BAS.DE,BASF
2003-01-31,16.75,17.3,15.625,17.26,45537552,BAS.DE,BASF
2003-01-24,17.995,18.35,16.7,16.77,36852504,BAS.DE,BASF
2003-01-17,18.45,18.93,17.9835,17.995,21285404,BAS.DE,BASF
2003-01-10,19.25,19.87,18.04,18.315,29619808,BAS.DE,BASF
2003-01-03,17.9,19.495,17.775,19.04,8106304,BAS.DE,BASF
2002-12-27,18.995,19.055,17.8,17.85,6879529,BAS.DE,BASF
2002-12-20,18.65,19.395,17.525,18.725,40165080,BAS.DE,BASF
2002-12-13,19.565,19.95,18.405,18.81,28368676,BAS.DE,BASF
2002-12-06,19.52,20.6,19.45,19.69,37449846,BAS.DE,BASF
2002-11-29,19.0,20.05,18.275,19.35,27443098,BAS.DE,BASF
2002-11-22,19.14,19.195,18.3,19.04,21306026,BAS.DE,BASF
2002-11-15,18.14,19.15,18.11,19.02,29282980,BAS.DE,BASF
2002-11-08,18.99,19.7,18.15,18.26,30443336,BAS.DE,BASF
2002-11-01,18.485,19.19,17.915,18.5,25306688,BAS.DE,BASF
2002-10-25,19.075,19.525,17.825,18.125,25161398,BAS.DE,BASF
2002-10-18,18.21,19.45,17.705,19.2,33179562,BAS.DE,BASF
2002-10-11,16.795,18.485,16.215,18.485,37568806,BAS.DE,BASF
2002-10-04,18.075,18.975,16.55,16.94,47278122,BAS.DE,BASF
2002-09-27,19.225,19.685,17.275,18.35,51466660,BAS.DE,BASF
2002-09-20,20.42,20.775,18.775,19.5,56327706,BAS.DE,BASF
2002-09-13,20.465,20.97,19.805,20.23,26925482,BAS.DE,BASF
2002-09-06,20.96,20.995,19.325,20.425,30132334,BAS.DE,BASF
2002-08-30,20.5176,21.125,19.815,21.02,14177749,BAS.DE,BASF
2002-08-23,20.5,21.23,20.125,20.5176,20990455,BAS.DE,BASF
2002-08-16,21.17,21.445,20.025,20.565,22724130,BAS.DE,BASF
2002-08-09,19.51,21.475,18.06,21.475,40838360,BAS.DE,BASF
2002-08-02,19.4,20.8,19.055,19.575,40221982,BAS.DE,BASF
2002-07-26,19.7,20.065,16.675,19.175,50407664,BAS.DE,BASF
2002-07-19,21.475,21.74,19.88,19.905,37888994,BAS.DE,BASF
2002-07-12,23.555,23.965,21.29,21.675,31658004,BAS.DE,BASF
2002-07-05,23.4,23.875,22.68,23.85,30653734,BAS.DE,BASF
2002-06-28,22.975,23.7,22.1,23.575,39392376,BAS.DE,BASF
2002-06-21,22.375,23.05,22.055,23.05,49650454,BAS.DE,BASF
2002-06-14,23.495,23.585,22.0,22.025,23195174,BAS.DE,BASF
2002-06-07,24.75,24.775,22.875,23.25,29901352,BAS.DE,BASF
2002-05-31,24.205,24.915,24.11,24.9,20942277,BAS.DE,BASF
2002-05-24,24.375,24.72,23.76,24.29,24331524,BAS.DE,BASF
2002-05-17,23.15,24.655,23.075,24.355,30227518,BAS.DE,BASF
2002-05-10,23.0,23.65,22.24,23.375,22366106,BAS.DE,BASF
2002-05-03,22.62,23.515,22.285,23.07,19023306,BAS.DE,BASF
2002-04-26,23.895,24.115,22.26,22.62,27539024,BAS.DE,BASF
2002-04-19,23.42,23.945,23.3,23.89,18320230,BAS.DE,BASF
2002-04-12,23.43,23.775,23.01,23.5,21322516,BAS.DE,BASF
2002-04-05,23.0528,24.21,22.999,23.52,23213905,BAS.DE,BASF
2002-03-29,23.625,23.875,22.81,23.0528,17603345,BAS.DE,BASF
2002-03-22,23.5,23.695,23.11,23.6,21754352,BAS.DE,BASF
2002-03-15,23.65,23.74,22.78,23.41,37608804,BAS.DE,BASF
2002-03-08,22.7,23.8,22.5,23.78,30274014,BAS.DE,BASF
2002-03-01,21.355,22.495,20.915,22.36,25649548,BAS.DE,BASF
2002-02-22,20.55,21.395,19.955,21.355,21003624,BAS.DE,BASF
2002-02-15,21.505,22.06,20.525,20.58,29072308,BAS.DE,BASF
2002-02-08,22.475,23.0,21.175,21.43,30794802,BAS.DE,BASF
2002-02-01,22.615,22.71,21.9,22.475,25115124,BAS.DE,BASF
2002-01-25,21.645,22.775,21.36,22.65,24843558,BAS.DE,BASF
2002-01-18,21.335,21.74,20.805,21.665,20548162,BAS.DE,BASF
2002-01-11,21.74,22.045,21.13,21.5,26664350,BAS.DE,BASF
2002-01-04,20.4828,21.845,20.4578,21.55,15882470,BAS.DE,BASF
2001-12-28,20.1477,21.24,19.961,20.875,5157689,BAS.DE,BASF
2001-12-21,20.35,20.985,20.08,20.3,25673068,BAS.DE,BASF
2001-12-14,21.545,21.67,20.335,20.42,21730622,BAS.DE,BASF
2001-12-07,21.45,22.49,20.77,21.525,27765402,BAS.DE,BASF
2001-11-30,21.455,21.925,21.015,21.45,23592602,BAS.DE,BASF
2001-11-23,21.03,21.95,20.935,21.47,22105594,BAS.DE,BASF
2001-11-16,20.55,21.15,19.35,21.005,31108282,BAS.DE,BASF
2001-11-09,19.045,21.06,18.85,20.55,27303134,BAS.DE,BASF
2001-11-02,19.465,19.675,18.305,18.85,17992988,BAS.DE,BASF
2001-10-26,19.0,20.025,17.9,19.65,32493808,BAS.DE,BASF
2001-10-19,20.4,20.45,18.655,19.005,19101368,BAS.DE,BASF
2001-10-12,18.825,20.57,18.68,20.535,26212594,BAS.DE,BASF
2001-10-05,19.125,19.275,18.185,19.2,26049269,BAS.DE,BASF
2001-09-28,17.6903,19.475,17.325,19.435,29503013,BAS.DE,BASF
2001-09-21,18.525,19.3,14.18,15.5,51761930,BAS.DE,BASF
2001-09-14,22.2,22.425,18.66,18.825,42268804,BAS.DE,BASF
2001-09-07,22.725,23.625,22.15,22.46,28595586,BAS.DE,BASF
2001-08-31,23.23,23.5,22.235,22.5,20182128,BAS.DE,BASF
2001-08-24,22.095,23.2,22.025,23.05,20332610,BAS.DE,BASF
2001-08-17,22.67,22.67,21.9,21.995,19723536,BAS.DE,BASF
2001-08-10,22.75,23.195,21.49,22.45,38011742,BAS.DE,BASF
2001-08-03,22.745,23.405,22.58,22.725,13557446,BAS.DE,BASF
2001-07-27,23.65,23.81,22.25,22.67,21793410,BAS.DE,BASF
2001-07-20,23.9,23.95,23.11,23.645,18555244,BAS.DE,BASF
2001-07-13,23.1,23.9391,22.75,23.9,17415424,BAS.DE,BASF
2001-07-06,23.3,23.72,22.915,23.25,24707646,BAS.DE,BASF
2001-06-29,21.7,23.44,21.39,23.3,24578124,BAS.DE,BASF
2001-06-22,22.325,22.72,21.14,21.87,29940068,BAS.DE,BASF
2001-06-15,23.3,23.515,22.1475,22.325,10785754,BAS.DE,BASF
2001-06-08,23.625,23.94,23.225,23.225,12768264,BAS.DE,BASF
2001-06-01,24.1,24.295,23.3,23.6,14220328,BAS.DE,BASF
2001-05-25,24.925,25.05,23.925,24.15,14470924,BAS.DE,BASF
2001-05-18,24.275,24.95,23.51,24.875,18344054,BAS.DE,BASF
2001-05-11,23.6212,24.49,23.4658,24.285,10888540,BAS.DE,BASF
2001-05-04,24.255,24.3,22.55,23.575,19945250,BAS.DE,BASF
2001-04-27,24.35,24.95,23.845,24.255,21416468,BAS.DE,BASF
2001-04-20,23.931,24.85,23.475,24.52,17017668,BAS.DE,BASF
2001-04-13,22.395,24.0049,22.22,23.931,14717283,BAS.DE,BASF
2001-04-06,22.415,22.65,21.375,22.23,20982664,BAS.DE,BASF
2001-03-30,21.65,23.05,21.5,22.63,22653054,BAS.DE,BASF
2001-03-23,23.15,23.425,20.85,21.55,26658578,BAS.DE,BASF
2001-03-16,24.7,24.9,22.975,22.975,62700250,BAS.DE,BASF
2001-03-09,24.25,25.5,24.25,24.865,26345088,BAS.DE,BASF
2001-03-02,23.575,24.55,23.5,24.27,18280432,BAS.DE,BASF
2001-02-23,23.5,24.31,23.225,23.29,16609856,BAS.DE,BASF
2001-02-16,23.47,24.195,23.035,23.5,15345568,BAS.DE,BASF
2001-02-09,23.755,24.195,23.275,23.405,11966968,BAS.DE,BASF
2001-02-02,22.995,24.12,22.725,24.0,17294782,BAS.DE,BASF
2001-01-26,22.25,23.125,22.185,22.86,17076070,BAS.DE,BASF
2001-01-19,23.255,23.895,21.95,22.125,22840142,BAS.DE,BASF
2001-01-12,24.645,24.645,22.66,23.085,18331556,BAS.DE,BASF
2001-01-05,24.492,24.8005,23.31,24.645,14537704,BAS.DE,BASF
2000-12-29,23.3,24.32,23.25,24.085,5063692,BAS.DE,BASF
2000-12-22,23.375,24.1,23.025,23.3,18171094,BAS.DE,BASF
2000-12-15,23.825,24.2,22.525,23.05,27873788,BAS.DE,BASF
2000-12-08,22.135,24.3,21.7,23.975,24588280,BAS.DE,BASF
2000-12-01,21.75,22.5,21.6,22.075,11629332,BAS.DE,BASF
2000-11-24,21.4,22.0,21.22,21.825,11222788,BAS.DE,BASF
2000-11-17,21.725,22.05,21.305,21.65,10638780,BAS.DE,BASF
2000-11-10,23.05,23.05,21.325,21.845,19648702,BAS.DE,BASF
2000-11-03,21.55,23.4868,21.55,22.96,11839887,BAS.DE,BASF
2000-10-27,20.05,21.97,20.05,21.75,14032574,BAS.DE,BASF
2000-10-20,19.8767,20.2915,19.8008,20.05,2974586,BAS.DE,BASF
2000-10-13,21.335,21.5,19.8665,19.8767,11913679,BAS.DE,BASF
2000-10-06,19.935,21.995,19.935,21.475,16021648,BAS.DE,BASF
2000-09-29,20.54,20.575,19.775,20.135,11388028,BAS.DE,BASF
2000-09-22,20.745,20.745,19.25,20.32,20918602,BAS.DE,BASF
2000-09-15,21.045,21.175,20.465,20.845,22365484,BAS.DE,BASF
2000-09-08,21.15,22.145,20.585,20.95,19310880,BAS.DE,BASF
2000-09-01,21.125,21.57,20.875,21.055,14427840,BAS.DE,BASF
2000-08-25,20.85,21.45,20.7,21.095,15061444,BAS.DE,BASF
2000-08-18,21.15,21.4,20.49,20.83,14771942,BAS.DE,BASF
2000-08-11,22.555,22.875,20.475,20.955,34232782,BAS.DE,BASF
2000-08-04,22.345,22.64,21.875,22.4,10580284,BAS.DE,BASF
2000-07-28,22.025,22.75,21.91,22.23,8684622,BAS.DE,BASF
2000-07-21,22.02,22.31,21.41,21.94,11774688,BAS.DE,BASF
2000-07-14,21.25,22.4661,21.0,21.95,15090587,BAS.DE,BASF
2000-07-07,21.22,21.975,20.9,21.25,8086444,BAS.DE,BASF
2000-06-30,20.0,21.325,19.905,21.05,16327926,BAS.DE,BASF
2000-06-23,20.145,21.0,19.7,19.715,14549714,BAS.DE,BASF
2000-06-16,22.7,22.75,19.7,19.7,42301102,BAS.DE,BASF
2000-06-09,23.395,23.595,21.855,22.5,16589588,BAS.DE,BASF
2000-06-02,22.7,23.5,21.105,23.0,14077292,BAS.DE,BASF
